text;label
Em crise plano de saúde da PMDF marca consulta de menino autista só para 2025;Má Gestão
Após denúncias MG anuncia compra de EPIs para 170 mil servidores da saúde;Má Gestão
AGU decide recorrer ao STF contra quebras de sigilo da CPI;Má Gestão
Falta transparência em dados apresentados da Sputnik V diz ex-diretor da Anvisa;Má Gestão
Adaps responsável pelo Médicos pelo Brasil diz que diretores fraudaram eleição para continuar no cargo;Má Gestão
Anvisa suspende lote de medicamento para esclerose múltipla falsificado;Má Gestão
Anvisa pede informações sobre Prevent Senior a vigilâncias sanitárias de SP;Má Gestão
Câmara aprova MP que libera quase R$ 2 bi para vacina da Oxford;Má Gestão
Câmara de Porto Alegre aprova abertura de processo de impeachment de Marchezan;Má Gestão
CPI investiga suposto pagamento de propina de R$ 296 mil na Saúde;Má Gestão
CPI da Covid-19 recebe suposto lobista da Precisa Medicamentos;Má Gestão
CPI convoca Ricardo Barros e envolvidos em suposto pedido de propina para vacina;Má Gestão
CPI ouve médicos defensores do tratamento precoce e vota novos requerimentos;Má Gestão
Invoice apresentava mais erros do que a média  frases de William Santana à CPI;Má Gestão
CPI da Pandemia ouve advogada de médicos da Prevent e Luciano Hang;Má Gestão
CPI ouve hoje o deputado que relatou comissão sobre fraudes na saúde do Amazonas;Má Gestão
Citado em três depoimentos ex-assessor da Saúde fala à CPI nesta quarta (4);Má Gestão
CPI da Pandemia ouve Wagner Rosário da CGU sobre suposta corrupção na Saúde;Má Gestão
CPI ouve subordinado de Luis Ricardo Miranda no Ministério da Saúde;Má Gestão
CPI da Pandemia ouve advogada de médicos da Prevent nesta terça-feira (28);Má Gestão
CPI da Pandemia ouve diretor da Prevent Senior nesta quarta-feira (22);Má Gestão
CPI da Pandemia ouve ex-médico e cliente da Prevent Senior na quinta-feira (7);Má Gestão
Em depoimento tumultuado Dominghetti reafirma pedido de propina por vacinas;Má Gestão
À CPI ex-médico e paciente acusam Prevent de irregularidades em tratamentos;Má Gestão
CPI quer ouvir servidor que relatou pressão para compra de vacina indiana;Má Gestão
CPI da Prevent Senior decide convocar quatro médicos na condição de investigados;Má Gestão
"CPI quer avançar em denúncias sobre vacinas na próxima semana; veja depoimentos";Má Gestão
Enfermeira diz que médico pediu cartão em branco para colocar nome de esposa de Mauro Cid em comprovante de vacinação;Má Gestão
Apontada como falsa médica tenta acordo com MP para não ser condenada;Má Gestão
Justiça afasta investigados após morte de estudante por superdosagem;Má Gestão
Covid: PF faz operação contra suspeita de fraude em contratos na saúde;Má Gestão
PGR alega ‘competência federal’ e pede ao STJ liberdade para ex-secretário do RJ;Má Gestão
Operação investiga desvio de recursos da saúde e educação no Piauí;Má Gestão
PF investiga fraude na compra de medicamentos de alto custo no Ministério da Saúde;Má Gestão
Brodowski (SP) exonera secretários por suspeita de fura-fila da vacina;Má Gestão
Após adiamento Saúde nomeia 1.225 novos servidores no DF;Má Gestão
Falta de oxigênio para tratamento domiciliar é investigada pelo TCDF;Má Gestão
Advogados são suspeitos de estelionato contra 50 médicos em Sergipe;Má Gestão
Clínica clandestina denunciada por torturas e humilhações é interditada no Entorno;Má Gestão
Aliados orientam Bolsonaro a rever cortes no Farmácia Popular em 2023;Má Gestão
Depoimento de diretor da Prevent Senior é adiado para próxima quarta;Má Gestão
Ambulância quebra e idosa é levada ao hospital por motorista de app;Má Gestão
Após denúncia MPDFT flagra Hospital do Guará sem médico radiologista;Má Gestão
Após reportagem da CNN Saúde altera aditivo com empresa que negociou Covaxin;Má Gestão
Cartão das filhas de Cid tem vacinas proibidas para menores de 18 anos;Má Gestão
Bebês são transferidos de UTI após faltar energia em hospital da Paraíba;Má Gestão
Fórum de Governadores pede prorrogação de leitos extras ao Ministério da Saúde;Má Gestão
Com taxa de positividade em 50% Rio pede reabertura de 400 leitos ao Ministério da Saúde;Má Gestão
CPI analisa contratos da Saúde com empresas envolvidas em corrupção no RJ;Má Gestão
CPI ouve ex-diretor da Saúde acusado de pedir propina de US$ 1 por vacina;Má Gestão
Chico Rodrigues era ‘gestor paralelo’ de pasta da Saúde em Roraima aponta PF;Má Gestão
Estoque reduzido: estados adotam estratégia para racionar vacina BCG;Má Gestão
Apagão de dados da Saúde causa distorção e dificulta combate à pandemia diz governador;Má Gestão
Após risco de desabastecimento governo compra 400 mil doses de insulina;Má Gestão
Diretor de Logística é exonerado da Saúde após relatos de suposta propina;Má Gestão
PGR alerta Ministério da Saúde sobre possibilidade de falta de oxigênio em RO;Má Gestão
Além de Dominghetti outros supostos vendedores ofertaram vacinas à Saúde;Má Gestão
“Fora Iges”: em coro profissionais de saúde protestam durante conferência;Má Gestão
Ministério da Saúde descartou 1 milhão de canetas de insulina por perda de validade no governo Bolsonaro;Má Gestão
À PF secretário de Saúde do Amazonas isenta Pazuello e culpa White Martins;Má Gestão
Documento aponta que Saúde sabia da falta de oxigênio em Manaus;Má Gestão
Coronavírus: Conselho Nacional de Enfermagem recebe 36 mil denúncias;Má Gestão
Faltando 4 meses para o fim do ano PMDF gastou 80% da verba da Saúde;Má Gestão
Burocracia em liberação de documento faz famílias de PMs ficarem sem atendimento de saúde;Má Gestão
Diretor do Iabas denuncia ‘conspiração’ na Saúde do Rio de Janeiro;Má Gestão
Larvas e insetos são encontrados em refeições do Hospital de Base;Má Gestão
Brasil enfrenta escassez de testes para doenças como chikungunya e tuberculose;Má Gestão
Brasil pode ter ‘sobra’ de 300 milhões de doses contra a Covid-19 no fim do ano;Má Gestão
CNJ abre processo contra desembargador por suposto negócio na área da saúde;Má Gestão
Relatório do Cremesp aponta irregularidades no hospital de campanha do Anhembi;Má Gestão
Conselho de Medicina cassa registro de ex-secretário de Saúde do RJ;Má Gestão
“Tirar Fundo Constitucional é matar pacientes do DF” diz Jorge Vianna;Má Gestão
Deputado levará à CPI emails trocados com a Saúde sobre Covaxin;Má Gestão
Miranda vai levar à CPI e-mails que indicam insistência do governo na Covaxin;Má Gestão
À época cláusulas da Pfizer eram ‘assustadoras’ diz Pazuello à CPI;Má Gestão
Ex-secretário responsabiliza Saúde por demora na compra de vacinas da Pfizer;Má Gestão
Em delação ex-secretário de saúde do Rio detalha divisão da propina no governo;Má Gestão
Operadores pagavam escola de filhos e comida do palácio para Witzel diz delator;Má Gestão
Com reajuste de 18% veja como ficarão os salários de enfermeiros médicos e técnicos do DF;Má Gestão
Contingenciamento: GDF suspende edital de concurso da Saúde com 39 mil vagas;Má Gestão
COVID-19: de R$ 8 bi em emendas parlamentares governo só liberou R$ 119 milhões;Má Gestão
Com foco no social governo reserva R$ 150 bilhões para ações na pandemia;Má Gestão
Corte de R$ 16 bilhão na Saúde deve impactar compra de remédios por ministério;Má Gestão
Contratos suspeitos do Rio somam R$ 125 milhões diz CPI da Pandemia;Má Gestão
Após 194 infrações Hospital Militar de Mato Grosso é interditado;Má Gestão
Campanha de combate ao Aedes aegypti custará R$ 15 milhões;Má Gestão
Campanhas da Saúde com artistas custam R$ 630 mil aos cofres públicos;Má Gestão
MPDFT abre investigação contra médica suspeita de mutilar pacientes;Má Gestão
MPDFT cobra da Saúde medidas para conter aumento de casos de Covid;Má Gestão
MP-RJ abre procedimento para analisar pedido de intervenção em Duque de Caxias;Má Gestão
MP e Polícia Civil realizam operação em SP e RJ contra desvios na saúde;Má Gestão
À CNN Queiroga confirma ida à Câmara e diz que oferta de medicamentos está “equilibrada”;Má Gestão
Ministério da Saúde omitiu dados sobre a Covaxin para o TCU diz ministro;Má Gestão
À CNN ministro da CGU afirma que investiga caso Davati e vai apurar propina;Má Gestão
Câmara aprova projeto que deve destinar até R$ 2 bilhões a Santas Casas;Má Gestão
Justiça determina afastamento do prefeito de Cuiabá;Má Gestão
Bolsonaro veta distribuição gratuita de absorventes a mulheres de baixa renda;Má Gestão
CPI pretende ouvir funcionária apontada como responsável por autorizar Covaxin;Má Gestão
Com atual efetivo auditorias no Farmácia Popular demorariam 20 anos;Má Gestão
MP vai usar dados da CPI para abrir investigação criminal contra Prevent Senior;Má Gestão
CPI da Pandemia vai transformar ministro da Saúde em investigado;Má Gestão
Após ser alvo da PF secretário de Saúde do Amazonas pede exoneração;Má Gestão
CPI da Pandemia convocará ex-ministros da Saúde como testemunhas diz Randolfe;Má Gestão
STJ suspende análise que vai definir qual tribunal irá julgar Cláudio Castro;Má Gestão
Corte no Orçamento fica mais duro e deve afetar Saúde e Educação;Má Gestão
CLDF quer ampliar plano de saúde para beneficiar ex-distritais;Má Gestão
“Criaram um balcão de negócios no Ministério da Saúde” diz Randolfe;Má Gestão
‘Saúde sempre foi um lugar onde a corrupção andou’ diz Mourão;Má Gestão
Alvos de prisão por fraude na saúde do Rio são investigados pelo MP há 6 anos;Má Gestão
Vídeo: paciente cai de uma altura de 5m ao tentar fugir de hospital;Má Gestão
PF começou investigação sobre mudança no cartão de vacinação de Bolsonaro em Duque de Caxias;Má Gestão
Crise no plano de saúde: PMs deverão buscar atendimento particular;Má Gestão
Polícia investiga morte de jovem por superdosagem de remédio em GO;Má Gestão
Polícia cumpre 46 mandados contra fraudes na Secretaria de Saúde do DF;Má Gestão
Polícia investiga segundo caso de morte de bebê após injeção em Goiás;Má Gestão
Auditoria do TCDF reforça problema de demora em atendimento nas UBSs;Má Gestão
INSS: fila para perícia médica superou 1 milhão de pessoas em maio;Má Gestão
ANS soube de denúncias contra Prevent pela CPI e investiga operadora diz presidente;Má Gestão
Cerca de 652 % dos municípios não têm medicamentos básicos nas farmácias diz pesquisa;Má Gestão
Brasil pode perder mais de R$ 20 bilhões por ano com desvios na saúde;Má Gestão
Baixo estoque de Coronavac ameaça vacinação de crianças de 3 a 5 anos;Má Gestão
PF e Ministério Público vão investigar negociação do governo pela Covaxin;Má Gestão
Bebê morre após tomar dipirona injetável em unidade de saúde de Goiás;Má Gestão
CPI ouve servidora da Saúde apontada por autorizar compra das vacinas Covaxin;Má Gestão
CPI quer ouvir servidor que teria relatado irregularidade a Luís Ricardo Miranda;Má Gestão
CPI vai investigar demora em contrato do Butantan com Ministério da Saúde;Má Gestão
CPI: confira a íntegra do auto de prisão em flagrante de Roberto Dias;Má Gestão
CPI: Depoimento de técnico da Saúde levanta dúvidas sobre atuação da Precisa;Má Gestão
CPI: empresário da VTCLog nega favorecimento a ex-diretor do Ministério da Saúde;Má Gestão
CPI: motoboy da VTCLog diz que entregou faturas no Ministério da Saúde;Má Gestão
Crise Yanomami: Saúde fez mais de 5 mil atendimentos médicos em um mês;Má Gestão
CRM-DF repudia fim de hospitais de custódia e tratamentos psiquiátricos;Má Gestão
Cúpula da CPI ouve testemunhas sobre irregularidades na saúde do RJ;Má Gestão
Das 38 ambulâncias do Samu-DF 28 estão com defeito e na manutenção;Má Gestão
De falta de médicos à venda de remédios: gestão Bolsonaro ignorou denúncia sobre os Yanomamis;Má Gestão
Desabastecimento de remédios “se agrava” no Brasil dizem entidades médicas Conass e Conasems;Má Gestão
Desvio de verba para a Covid-19 pode chegar a R$ 300 milhões diz CGU;Má Gestão
DF pode paralisar transplantes de órgãos por falta de contrato;Má Gestão
Dino afirma que houve “negação de socorro sanitário” a indígenas;Má Gestão
Diretor de Logística da Saúde será exonerado após relatos de suposta propina;Má Gestão
Diretor do FIB Bank depõe na CPI da Pandemia sobre caso Covaxin;Má Gestão
Documento mostra alerta sobre falta de oxigênio em Manaus no dia 8 de janeiro;Má Gestão
DPU envia recomendações à Saúde para combater crise de medicamentos;Má Gestão
Educação e Saúde são áreas mais afetadas por novo corte no Orçamento;Má Gestão
Em ação civil MP afirma que gestão Pazuello foi ineficiente e desleal;Má Gestão
Em ato na Esplanada enfermeiros cobram pagamento do piso salarial;Má Gestão
Em meio à crise no serviço médico PMDF exonera chefe do Departamento de Saúde;Má Gestão
Em suaves prestações Governo do DF começa a quitar dívida de R$ 11 bilhão com 1.792 empresas;Má Gestão
Empresa confirma que Dominguetti intermediou negociação de vacinas com Saúde;Má Gestão
Empresa justifica atendimentos em hospital de campanha do DF com dados de 2011;Má Gestão
Empresa suíça admite propina e devolve R$ 10 mi à Prefeitura de SP;Má Gestão
Empresário e ex-deputado são presos por suspeita de fraudar saúde no Rio;Má Gestão
Empresário suspeito de fraudar saúde no RJ tem R$ 902 mi em contratos no estado;Má Gestão
Ex-aliado de Bolsonaro ex-governador Witzel tem reunião no Planalto;Má Gestão
Ex-líder do governo destinou R$ 1371 milhões do orçamento secreto;Má Gestão
Ex-secretário de Saúde do DF é orientado a manter silêncio total na CPI da Pandemia;Má Gestão
Ex-secretário de Saúde é condenado por irregularidade em locação de imóveis;Má Gestão
Ex-secretários serão ouvidos sobre fraude na alimentação hospitalar;Má Gestão
Falsa médica é presa em flagrante durante consulta em UBS da Bahia;Má Gestão
Falta de remédio para câncer deixa 389 pacientes desassistidos no DF;Má Gestão
Falta de vacinação e dengue explicam emergência em Santa Catarina diz secretário;Má Gestão
Fila da angústia: no DF 130 pacientes aguardam para fazer hemodiálise;Má Gestão
Fila de espera é a principal reclamação de pacientes do SUS em SP diz pesquisa;Má Gestão
Fim de programa federal deixa unidades de saúde do DF sem médicos;Má Gestão
Força-tarefa no DF investiga contratações de R$ 79 mi para hospital de campanha;Má Gestão
Fornecedores ameaçam denunciar hospitais e planos de saúde à CVM;Má Gestão
Fotos: emergência de hospital do DF ultrapassa lotação máxima nesta 4ª feira;Má Gestão
Fraude em cartão de vacina: Cremego diz que condutas médicas tramitam em sigilo;Má Gestão
Fraude em licitação: Justiça recebe denúncia contra ex-secretários de ministro;Má Gestão
Gabinete de Transição alega falta de transparência em dados da saúde pública;Má Gestão
Garimpeiros trocaram ouro por vacinas de Covid que eram destinadas a Yanomamis;Má Gestão
Governador de Santa Catarina é alvo de operação que investiga fraude na saúde;Má Gestão
Governo autoriza repasse de R$ 120 milhões para laboratórios de saúde pública;Má Gestão
Governo de SP fechará hospital de campanha do Ibirapuera em 30 de setembro;Má Gestão
Governo do Pará exonera secretário Peter Cassol após operação da PF;Má Gestão
Governo Lula exonera 11 chefes de postos de saúde indígena;Má Gestão
Governo quer desobrigar uso de verba do pré-sal para saúde e educação;Má Gestão
Governo quer diagnóstico dos estados sobre filas do SUS até junho;Má Gestão
Governo quer que 70% dos insumos do SUS sejam produzidos no país;Má Gestão
Gravação mostra a má qualidade da comida servida nos hospitais públicos. Veja vídeo;Má Gestão
Grávida perde o bebê após fazer peregrinação por cinco hospitais em GO;Má Gestão
Há ‘indícios gravíssimos’ de cometimento de crime na Saúde afirma senador;Má Gestão
Há pressuposto de crime de responsabilidade do governo federal diz Ayres Britto;Má Gestão
Homem escreve “sim” e “não” nos joelhos para evitar erro em cirurgia;Má Gestão
Homem morre sentado enquanto aguardava atendimento médico;Má Gestão
Hospitais de SP têm falta de profissionais de saúde para UTIs dizem médicos;Má Gestão
Hospital de Campanha do Gama começa a funcionar nesta sexta-feira;Má Gestão
Influencer denuncia morte do irmão de 3 anos por suposta negligência;Má Gestão
Intervenção estadual na Saúde gera embate em Cuiabá;Má Gestão
Investigação da CPI sobre hospitais federais do RJ perde espaço;Má Gestão
Investigação sobre desvios de vacina contra Covid-19 no Amazonas está parada;Má Gestão
Irmão de deputado é preso em operação contra fraude na Saúde em Goiás;Má Gestão
Justiça cobra explicações sobre suposto esquema de corrupção na Saúde;Má Gestão
Justiça determina recontratação de terceirizados demitidos de hospitais no RJ;Má Gestão
Justiça do DF anula prisão em flagrante de ex-diretor do Ministério da Saúde;Má Gestão
Justiça do PA bloqueia bens de empresários que venderam respiradores com defeito;Má Gestão
Justiça suspende pagamento de pecúnias a servidores federais da Saúde cedidos ao GDF;Má Gestão
Justiça suspende reajuste do plano de saúde do GDF para educadores;Má Gestão
Justiça veta reajuste do plano de saúde do GDF para enfermeiros;Má Gestão
Lula diz que fará reunião nesta semana para reduzir a fila do INSS;Má Gestão
Lula lança programa de R$ 600 milhões para reduzir filas no SUS;Má Gestão
Lula libera R$ 2 bilhões para entidades filantrópicas de saúde;Má Gestão
Lula sugere implementação de convênio entre SUS e médicos especialistas;Má Gestão
Mãe acusa hospital de negligência na morte de gêmeo em SP: “Deixaram morrer”;Má Gestão
Mãe e filho mortos em hospital suspeito de negligência são enterrados;Má Gestão
Mãe vai à Justiça e cobra oxigênio para filha: “Situação humilhante”;Má Gestão
Máfia das Próteses orientava pacientes a mentir para planos de saúde;Má Gestão
Máfia das próteses: médico-legista da Polícia Civil entre os presos;Má Gestão
Máfia dos concursos: PCDF prende servidores envolvidos em fraude;Má Gestão
Mauro Cid ex-ajudante de Bolsonaro chega à PF para depor sobre caso das vacinas;Má Gestão
Médico condenado por retirada ilegal de órgãos é preso em SP;Má Gestão
"Médico é flagrado atendendo com “indícios de embriaguez”; vídeo";Má Gestão
Médico é indiciado por cobrar R$ 400 para preencher apólice de seguro;Má Gestão
Médico investigado por fraude em registros de vacina seguirá trabalhando até fim das investigações diz hospital;Má Gestão
Médico que retirou ilegalmente órgão de criança em Minas é preso;Má Gestão
Médico terá que pagar R$ 100 mil após operar olho errado e cegar idoso;Má Gestão
Médicos são presos por vender atestados falsos para vacinação contra Covid-19;Má Gestão
Médicos são suspeitos de lucrarem R$ 1 mi com cobrança de procedimentos ofertados pelo SUS;Má Gestão
Menos de 10% do que o governo já gastou para combater coronavírus foi para saúde;Má Gestão
Ministério da Saúde ‘alinha’ discurso sobre cartão de vacina de Bolsonaro;Má Gestão
Ministério da Saúde contraria orientação da CGU e nega acesso a cartão de vacina de Bolsonaro;Má Gestão
Ministério da Saúde corrige em R$ 400 bi projeção para enfrentar coronavírus;Má Gestão
Ministério da Saúde desperdiçou quase 2 milhões de vacinas doadas pelos EUA com custo de R$ 1 milhão diz TCU;Má Gestão
Ministério da Saúde estuda punições à Precisa Medicamentos;Má Gestão
Ministério da Saúde identifica 86 remédios em falta na rede pública;Má Gestão
Ministério da Saúde planeja extinguir secretaria de enfrentamento à Covid-19;Má Gestão
Ministério da Saúde repassa R$ 113 milhões para hospitais de SC;Má Gestão
Ministros da Saúde e da CGU negam corrupção no caso da Covaxin;Má Gestão
Morte de bebê após dipirona injetável é investigada pela polícia em GO;Má Gestão
Motoboy da VTCLog diz à CPI que entregou pen drive ao Ministério da Saúde;Má Gestão
Motoboy da VTCLog diz à CPI que esteve na Saúde mas nega conhecer Roberto Dias;Má Gestão
Movimentos pedem que TSE destine R$ 229 mi da multa do PL a vacinas;Má Gestão
MP abre inquérito contra planos de saúde por rescisão durante tratamento;Má Gestão
MP arquiva denúncia criminal sobre máfia das licitações na Saúde do DF;Má Gestão
MP do Rio tenta retomar 11 investigações de fraudes na saúde;Má Gestão
MP pede abertura de investigação de médico do DF por mortes de bebês;Má Gestão
MP pede para TCU investigar omissão do governo na compra de vacinas da Pfizer;Má Gestão
MP vai obrigar divulgação de dados sobre financiamento a médicos;Má Gestão
MPDFT aponta contrato irregular no Iges e recomenda suspensão;Má Gestão
MPDFT cobra esclarecimentos sobre falta de testes para dengue no DF;Má Gestão
MPDFT cobra multa de R$ 173 mil de ex-secretário de Saúde do DF;Má Gestão
MPDFT cobra recuperação de 13 hospitais públicos deteriorados no DF;Má Gestão
MPDFT identifica irregularidades em posto médico e em banheiros químicos no Carnaval;Má Gestão
MPRJ denuncia médicas que fizeram transplante em paciente errado;Má Gestão
MPT cobra multa aplicada à Prefeitura do Rio e União por falta de amparo à Saúde;Má Gestão
MS: criança está sem enxergar e andar após procedimento em hospital;Má Gestão
Mulher de Mauro Cid chega à PF para depor sobre fraude em cartões de vacina;Má Gestão
Mulher morre após não conseguir atendimento em centros de saúde no DF;Má Gestão
Não é normal fazer saque de R$ 47 milhões por meio de motoboy diz Randolfe;Má Gestão
Não há estoque de vacinas infantis contra Covid diz ministério;Má Gestão
No DF deputados vistoriam UPA após denúncias de falta de médicos;Má Gestão
No DF pacientes com sonda ficam sem acesso à dieta especial;Má Gestão
Novo hospital de campanha do DF recebe os primeiros pacientes com Covid-19;Má Gestão
Novos advogados de Mauro Cid manifestam respeito ao STF e solicitam autos do processo a Moraes;Má Gestão
Novos hospitais de campanha do RJ não devem ser exclusivos para Covid-19;Má Gestão
Nunes negocia empréstimo de US$ 400 milhões para reformar 15 hospitais;Má Gestão
OMS: serviços de higiene precários afetam metade das unidades de saúde do mundo;Má Gestão
Opas: superlotação do sistema de saúde brasileiro é preocupante;Má Gestão
Operação contra Bolsonaro nasceu em central clandestina de “vacinação” no RJ;Má Gestão
Operação da PF investiga desvio de recursos na saúde pública de GO;Má Gestão
Operação da PF mira desvios de até R$ 50 milhões na Saúde do Rio de Janeiro;Má Gestão
Operação da PF mira fraude em compra de respiradores na Baixada Fluminense;Má Gestão
"Operação em 6 estados mira desvios na Saúde; governador do Pará é alvo";Má Gestão
Orçamento secreto no MA: Justiça bloqueia R$ 78 milhões de 20 cidades;Má Gestão
Orçamento secreto: 500 municípios estão na mira da CGU;Má Gestão
Orçamento: Saúde e Educação perderão mais com bloqueio de R$ 15 bi;Má Gestão
Organizações de HIV/Aids pedirão a Lula que reveja cortes na Saúde;Má Gestão
OS investigada recebeu R$ 23 milhões do governo Witzel diz executivo;Má Gestão
Paciente tem perna amputada por erro médico durante cirurgia em Alagoas;Má Gestão
Pacientes denunciam planos de saúde por rescisão durante tratamento;Má Gestão
Pacientes enfrentam dificuldade para fazer teste da dengue no DF;Má Gestão
Pacientes reclamam de atendimento em UBS inaugurada há 6 meses: “Caos”;Má Gestão
Para investigar compra da Covaxin CPI convoca ex-coordenador da Saúde;Má Gestão
Participação de artistas e influenciadores em campanhas do SUS custará R$ 630 mil;Má Gestão
Paulo Guedes quer desvincular gastos obrigatórios com saúde e educação;Má Gestão
Pazuello diz não ser o “único responsável” por crise da pandemia;Má Gestão
Pazuello negociou Coronavac por quase o triplo do preço indica material da CPI;Má Gestão
PF combate desvio de recursos públicos na saúde em 3 estados e DF;Má Gestão
PF cumpre 30 mandados contra desvio de R$ 7 milhões na saúde de Cabo Frio no RJ;Má Gestão
PF cumpre mandados de busca e apreensão contra organização que fraudava licitações no Maranhão;Má Gestão
PF deflagra operação contra desvio de mais de R$ 94 mi da Saúde no MA;Má Gestão
PF encontra indícios de falsidade ideológica em negociações da Covaxin;Má Gestão
PF faz backup de contratos do governo do Rio e ação gera apagão no sistema;Má Gestão
PF faz buscas contra desvios de medicamentos e testes para Covid-19 em Oiapoque;Má Gestão
"PF faz operação contra desvios na Saúde do Amazonas; Wilson Lima é um dos alvos";Má Gestão
PF investiga deputado federal por desvios públicos no Maranhão;Má Gestão
PF investiga desvios na Saúde e na Previdência;Má Gestão
PF investiga empresa acusada de desviar recursos da saúde em PE;Má Gestão
PF investiga irregularidades na venda de órteses e próteses para o SUS;Má Gestão
PF investiga pregoeiro por falsificar Diário Oficial diz hospital;Má Gestão
PF investiga supostos desvios de verbas federais no interior de SP;Má Gestão
PF prende 15 em operação contra desvios no RS;Má Gestão
PGR é acionada para investigar filho de Queiroga por improbidade;Má Gestão
PGR recebe dados de investigação que levou à prisão de Edmar Santos;Má Gestão
"PGR recebe denúncia de possível superfaturamento; TCU já investiga o caso";Má Gestão
PGR vai apurar suposto crime de responsabilidade de ministros da Defesa e Saúde;Má Gestão
PGR: Desembargadores do TRT-RJ desviaram verbas que deveriam pagar trabalhadores;Má Gestão
Polícia fala de “laranjas” em contratos milionários na Saúde em Goiás;Má Gestão
Polícia Federal cumpre mandados de prisão em investigação contra falsos médicos no RJ;Má Gestão
Polícia Federal vai investigar superfaturamento em propaganda do governo federal;Má Gestão
Polícia investiga morte de enfermeira após lipoaspiração em Goiânia;Má Gestão
Por falta de seguro 21 ambulâncias do Samu estão sem rodar no DF;Má Gestão
Por irregularidades em folgas MPDFT pede sistema de ponto no Iges;Má Gestão
Poupando o erário Prosus pacifica contrato para alimentação no Iges;Má Gestão
Prefeitos e secretários de Saúde alertam sobre falta de medicamentos;Má Gestão
Prefeitura de Recife é alvo de operação da PF contra desvios na Saúde;Má Gestão
Prefeitura de Rondonópolis paga R$ 4 milhões em respiradores falsos;Má Gestão
Prefeitura de São Paulo autoriza contratação emergencial de médicos;Má Gestão
Prefeitura do RJ tem R$ 100 milhões em equipamentos hospitalares sem uso;Má Gestão
Prefeitura é investigada por fraudes em licitações da saúde em cidade do RJ;Má Gestão
Prevent se uniu a “gabinete paralelo” e intimidou médicos diz advogada na CPI;Má Gestão
Prevent Senior alterava código de diagnóstico da Covid confirma diretor à CPI;Má Gestão
Prevent Senior: CPI ouve presidente da ANS ex-chefe de gabinete de Barros;Má Gestão
Processo de ex-secretários de Saúde de Agnelo vai à Justiça Federal;Má Gestão
Queiroga sobre compra de vacinas por empresários: “Fura-fila? É lei”;Má Gestão
Quem é quem nas denúncias sobre superfaturamento de vacinas;Má Gestão
Quem é Ricardo Barros líder do governo apontado no caso da vacina Covaxin;Má Gestão
Reclamações contra a Secretaria de Saúde do DF aumentam mais de 179% em 6 anos;Má Gestão
Regina Célia diz ter sido designada como fiscal da Covaxin em meio à compra;Má Gestão
Relatório da CGU aponta desperdício de dinheiro no Ministério da Saúde;Má Gestão
"Renan anuncia lista com 14 investigados pela CPI da Pandemia; veja nomes";Má Gestão
Representante da Davati e Miranda confirmam contato mas negam relação comercial;Má Gestão
Residente denuncia falta de médicos e problemas na pediatria do HUB;Má Gestão
"Residentes denunciam comida com larvas no HC em Goiânia; veja vídeo";Má Gestão
Respiradores comprados pela União atrasam e só 36% chegam aos estados;Má Gestão
Reverendo diz ter sido usado e receberia apenas doações caso venda ocorresse;Má Gestão
Risco de desabastecimento de insumos médicos preocupa segmento de saúde;Má Gestão
Risco de desabastecimento leva governo a comprar insulina sem registro;Má Gestão
RJ: Defensoria encontra falhas em hospital onde médico estuprou mulher;Má Gestão
RJ: Polícia faz operação contra desvios e fraudes na Saúde de Arraial do Cabo;Má Gestão
RJ: Polícia Federal faz operação contra superfaturamento de equipamentos médicos;Má Gestão
Roberto Dias deixa a delegacia em Brasília após pagar fiança de R$ 1.100;Má Gestão
Roberto Dias teve boletos pagos por empresa investigada pela CPI;Má Gestão
Saúde admite erro ao descontar de SP entrega de doses da vacina da Pfizer;Má Gestão
Saúde compra insulina de fabricante sem registro na Anvisa para garantir tratamento pelo SUS;Má Gestão
Saúde corre risco de sofrer desfalque de 14 mil temporários no DF;Má Gestão
Saúde diz que funcionários que desviaram vacina por ouro estão afastados;Má Gestão
Saúde diz que quase 39 milhões de vacinas contra a Covid-19 venceram desde 2021;Má Gestão
Saúde do DF fecha contrato de R$ 186 mi com Instituto de Cardiologia;Má Gestão
Saúde do DF tem déficit de 154 anestesistas na rede pública;Má Gestão
Saúde e Novacap fecham convênio para construção de hospital. Entenda;Má Gestão
Saúde mental: governo anuncia R$ 200 milhões para Rede de Atenção Psicossocial;Má Gestão
Saúde reintegra servidor que denunciou propinas no caso Covaxin;Má Gestão
Saúde suspeita de “vacinação inadequada” em caso de paralisia no Pará;Má Gestão
Saúde terá menor orçamento em 10 anos. Veja desafios do governo eleito;Má Gestão
Saúde vai repassar R$ 600 milhões para reduzir filas por cirurgias;Má Gestão
Saúde vê indícios de irregularidades no uso de verba repassada a 467 municípios;Má Gestão
Saúde: MPDFT expõe superlotação em pediatrias de hospitais públicos;Má Gestão
Secretaria apura possível equívoco de médica na morte de jovem obeso;Má Gestão
Secretaria de Saúde cogita terceirizar serviços de diagnóstico na rede pública do DF;Má Gestão
Secretaria de Saúde terá que explicar prejuízos de R$ 75 milhões aos cofres públicos;Má Gestão
Secretário de Saúde do Pará e presidente do Conass deixa cargos por investigação;Má Gestão
Secretário de Saúde do Pará volta a ser alvo de operação da PF;Má Gestão
Secretário de Saúde do RJ fala sobre investigações contra corrupção na pasta;Má Gestão
Secretário de Saúde do RJ terá de responder na Alerj por exonerações suspeitas;Má Gestão
Secretário de Saude exonera corregedor e 5 auditores da pasta no RJ;Má Gestão
Sem atendimento menino morre em ambulância na porta de hospital;Má Gestão
Sem espaço adequado para hemodiálise pacientes ocupam leitos de UTIs;Má Gestão
Senador governista defende acareação na CPI sobre pedido de propina em jantar;Má Gestão
Senadora quer que Senado ouça indígenas sobre troca de ouro por vacina;Má Gestão
Senadores da CPI da Pandemia pedem convocação de Queiroga sobre vacinação infantil;Má Gestão
Senadores de oposição entregam relatório da CPI ao TCU;Má Gestão
Servidora e empresário são suspeitos de fraude em compras para a saúde no AP;Má Gestão
Servidores da Saúde cobram horas não pagas desde a gestão Rollemberg;Má Gestão
Sidney Rezende: ‘Lei de Murici’ no Ministério da Saúde propiciou corrupção;Má Gestão
Sindmédico pede reunião com GDF para tratar da falta de pediatras;Má Gestão
STJ envia parte do processo de Witzel sobre desvios na Saúde à Justiça do Rio;Má Gestão
STJ suspende análise que vai definir qual tribunal irá julgar Cláudio Castro;Má Gestão
Superintendente da Saúde do RJ é preso suspeito de desvio de dinheiro em compras;Má Gestão
SUS está subfinanciado há décadas e precisa ser fortalecido diz Kalil à CNN após entrar para transição de governo;Má Gestão
Tarcísio quer PEC para manejar dinheiro “extra” da Educação para Saúde;Má Gestão
TCDF dá 15 dias para a Saúde explicar falhas no Hospital Cidade do Sol;Má Gestão
TCDF fiscaliza condições em UBSs e convida população para participar;Má Gestão
TCDF investiga utilização de produto proibido para uso humano no Hmib;Má Gestão
TCDF libera licitação de R$ 42 milhões para lavagem de roupa na Saúde;Má Gestão
TCDF questiona interrupção de tratamento de câncer uterino no HUB;Má Gestão
TCDF: mesmo com estoque de 300 mil testes Saúde comprou 100 mil exames;Má Gestão
TCM vai avaliar qualidade das fraldas fornecidas pela Prefeitura de SP;Má Gestão
TCU abre processo para investigar Pazuello por omissões na gestão da Saúde;Má Gestão
TCU dá 15 dias para Ministério da Saúde explicar demora na liberação de recursos;Má Gestão
TCU dá prazo para Saúde regularizar fornecimento de imunossupressores;Má Gestão
TCU denuncia risco de falta de insulina no SUS a partir do 2º trimestre;Má Gestão
TCU investigará parcerias das Forças Armadas para produção de remédios;Má Gestão
TCU pede esclarecimentos sobre irregularidades a hospitais federais do Rio;Má Gestão
TCU suspeita de compra sem licitação de R$ 912 mi feita pelo Ministério da Saúde;Má Gestão
TCU suspende compra da Saúde por gasto desnecessário de R$ 160 milhões;Má Gestão
Temporão sobre reunião com TCU: “Evidências apontam crimes e omissões”;Má Gestão
Transição lista 16 emergências para a Saúde no início do governo Lula;Má Gestão
Tutores de residentes do Hospital de Base denunciam falta de pagamento;Má Gestão
UBS Samu e policlínicas: como serão gastos os R$ 305 bi para Saúde no PAC;Má Gestão
Vacina: Butantan entrega à CPI documentos sobre 3 ofertas ignoradas pelo governo;Má Gestão
Veja erros apontados no cartão de vacina da mulher de Mauro Cid;Má Gestão
Veja quantos pacientes morrem por ano por erros na assistência à saúde;Má Gestão
Vendedor diz que esteve três vezes na Saúde e confirma pedido de US$ 1 por dose;Má Gestão
Vídeos: sem reforma UBS de Samambaia é inundada em períodos chuvosos;Má Gestão
Vítimas da Máfia das Próteses fazem relatos de dor e horror;Má Gestão
VTCLog fechou contratos com a Saúde de R$ 330 mi sem licitação;Má Gestão
Wajngarten não descarta hipótese de hackeamento de registro de vacina de Bolsonaro;Má Gestão
Witzel promete suspender contratos de empresas acusadas de corrupção na Saúde;Má Gestão
Witzel vira réu na Justiça Federal acusado de desvios na área da saúde;Má Gestão
UBS da Estrutural fechará por 120 dias. Saiba onde buscar atendimento;Genérica
UCB oferece serviços médicos gratuitos para a população de Ceilândia;Genérica
Ucrânia: 3 mil pessoas morreram por falta de tratamento para doenças;Genérica
Ucraniano tetracampeão de kickboxing é morto em combate com russos;Genérica
UFC Londres: Paddy Pimblett faz desabafo sobre saúde mental dos homens;Genérica
UFMG abre processo contra professor por comentários discriminatórios;Genérica
UFRGS revoga títulos de Doutor Honoris Causa a presidentes da ditadura;Genérica
Uganda declara surto de Ebola após confirmação de um caso da doença;Genérica
Últimas da Covid-19: Saúde desaconselha cloroquina país tem 1.556 mortes;Genérica
Um ano do colapso na saúde do Amazonas: dor das famílias e falta de respostas;Genérica
"Um ano vivendo à sombra de uma pandemia; como os países lidaram com a Covid-19";Genérica
Um dia antes de se casar médico morre eletrocutado em sessão de fotos;Genérica
Um em cada oito pacientes desenvolve sintomas de Covid longa diz estudo;Genérica
Uma a cada três crianças com deficiência no mundo sofreu violência diz estudo;Genérica
Uma CPI pode intimar um presidente? Entenda os poderes e limites de uma comissão;Genérica
UnB lança aplicativo que auxilia no tratamento de pacientes da UTI;Genérica
UnB ocupa 1º lugar no ranking de saúde e educação de qualidade no país;Genérica
União Europeia está otimista com verão à medida que vacinação aumenta;Genérica
União Europeia socorrerá venezuelanos com 351 milhões de euros;Genérica
Unicef: 1 em cada 7 jovens pode sofrer transtorno mental por causa da pandemia;Genérica
Único nome do PL no governo Nunes deixa o cargo de secretário;Genérica
Unidades de saúde do Rio têm estoque de sedativos suficientes para três dias;Genérica
Unidades de saúde lotadas podem expor pacientes saudáveis a diversas doenças;Genérica
Unimed debate evolução da saúde suplementar em novo espaço em Brasília;Genérica
Uso contínuo de aparelhos eletrônicos pode causar problemas na pele;Genérica
Uso de celulares em salas de aula da rede municipal é proibido no RJ;Genérica
Uso de vape pode causar apodrecimento dos dentes diz estudo;Genérica
USP pesquisa tratamento de depressão com aparelho ligado a celular;Genérica
Vacina Abdala contra a Covid-19 tem taxa de eficácia de 92% segundo Cuba;Genérica
Vacina contra Covid-19 pode exigir duas doses diz diretor de agência dos EUA;Genérica
Vacina da Covid-19: conheça a situação das maiores pesquisas ;Genérica
Vacina da Pfizer chega ao Brasil nesta quinta diz Ministério da Saúde;Genérica
Vacina de Oxford protege contra variante brasileira da Covid-19 indica pesquisa;Genérica
Vacina de Oxford: menor eficácia contra mutação é obstáculo para fim da pandemia;Genérica
Vacina é segura e orientamos que adolescentes se vacinem diz número 2 da Saúde;Genérica
Vacina no glúteo reduz efeito adverso da aplicação diz secretário de Joinville;Genérica
Vacina sob risco: Queiroga diz que BR não é responsabilidade da Saúde;Genérica
Vacina tríplice viral: saiba quem pode se imunizar;Genérica
Vacinação ajuda a diminuir os sintomas da “Covid-19 longa” reforça infectologista;Genérica
Vacinação começa a partir de 25 de janeiro em SP diz governo;Genérica
Vacinação contra a Covid-19: veja em qual grupo você está;Genérica
Vacinação contra a gripe começa segunda fase nesta quinta;Genérica
Vacinação de crianças avança no Rio depois de uma semana com baixa adesão;Genérica
Vacinação de crianças começa neste mês e sem exigência de prescrição diz Saúde;Genérica
Vacinação derruba contágio entre imunizados em Israel para apenas 001%;Genérica
Vacinação deve começar por crianças de 3 e 4 anos com comorbidades;Genérica
Vacinação doméstica na China atrasa IFA para o Brasil diz secretário da Saúde;Genérica
Vacinação e máscaras são essenciais para conter a Covid no inverno diz médica;Genérica
Vacinação e medidas restritivas mostram bom resultado em Israel dizem médicas;Genérica
Vacinação é um sucesso mas temos que avançar diz vice-presidente da SBIm;Genérica
Vacinação em massa em Ilha Grande é esperança para alavancar turismo na região;Genérica
Vacinação está sujeita à entrega de doses diz ministro Queiroga;Genérica
Vacinação Yanomamis e Mais Médicos: os 100 dias de governo na Saúde;Genérica
Vacinação: site da prefeitura de SP ajuda a localizar UBS mais perto de sua casa;Genérica
Vacinas aplicadas no Brasil garantem proteção adicional para quem já teve Covid;Genérica
"Vacinas bivalentes e monovalentes são igualmente eficazes e protegem da Covid; entenda";Genérica
"Vacinas da Covid-19 não têm relação com HIV e Aids; entenda";Genérica
Vacinas da Pfizer e Moderna produzem imunidade de longa duração diz estudo;Genérica
Vacinas existentes contra a Covid-19 parecem proteger contra variantes diz OMS;Genérica
Vacinas funcionarão em nova variante brasileira dizem cientistas britânicos;Genérica
Vai voltar ao escritório? Veja como uso do salto alto pode fazer mal à saúde;Genérica
Vamos trazer o ministério de volta a sua gestão civil diz Queiroga à CNN;Genérica
Variante da Covid-19 pode ter acelerado colapso do sistema de saúde do Amazonas;Genérica
Variante de Manaus infecta pessoas mais jovens no RJ diz secretaria de Saúde;Genérica
Variante delta no Brasil não altera plano de imunização diz diretor da SBIm;Genérica
Variantes da Covid podem surgir nos EUA se vacinação não acelerar diz Fauci;Genérica
Varíola do macaco: Reino Unido registra 2 casos de infecção viral rara;Genérica
Varíola dos macacos caminha para transmissão comunitária no país diz presidente do Conass;Genérica
"Varíola dos macacos pode ser transmitida pela roupa e por lençóis diz médico; entenda";Genérica
Varíola dos macacos: governo encomenda 50 mil doses da vacina;Genérica
Varíola dos macacos: governo federal determina nível máximo de alerta;Genérica
Varíola dos macacos: governo negocia antecipação da chegada de vacinas;Genérica
Varíola dos macacos: ministro da Saúde anuncia compra de antiviral;Genérica
Varíola dos macacos: mutação pode ter deixado vírus mais transmissível diz médico;Genérica
Varíola dos macacos: O que já sabemos sobre a transmissão e gravidade da doença;Genérica
Varíola dos macacos: OMS recomenda reduzir número de parceiros sexuais;Genérica
Varíola dos macacos: Queiroga diz que não há casos confirmados no Brasil;Genérica
Varíola dos macacos: Saúde do DF cria Centro de Operações Emergenciais;Genérica
Varíola dos macacos: Saúde do DF define orientações para prevenção;Genérica
Varíola dos macacos: Saúde monitora seis casos suspeitos no Brasil;Genérica
Varíola dos macacos: Saúde vai ativar Centro de Operação de Emergência;Genérica
Vasco anuncia contratação do lateral-direito Léo Matos ex-PAOK da Grécia;Genérica
Veículo tomba e provoca vazamento de amônia em fábrica de laticínios;Genérica
Veja a linha do tempo da luta de Paulo Gustavo contra a Covid-19;Genérica
Veja as doenças mais comuns na ala psiquiátrica de presídio no DF;Genérica
Veja as orientações do governo para quem precisa do cartão de vacina;Genérica
Veja as principais promessas que Tarcísio terá de cumprir em 4 anos;Genérica
Veja como consultar rol de procedimentos cobertos por planos de saúde;Genérica
Veja o estado de saúde das vítimas de ataque de aluno à escola de SP;Genérica
Veja o momento em que Laís e Gustavo se reencontram após o BBB22;Genérica
Veja o que o suor pode indicar sobre o estado da sua saúde;Genérica
Veja o que se sabe sobre o médico preso por estupro no Rio de Janeiro;Genérica
Veja quando começa a vacinação contra a Covid-19 em cada estado;Genérica
Veja quantos médicos cada estado receberá pelo Médicos pelo Brasil;Genérica
Veja um tempero popular que combate o envelhecimento e ajuda a relaxar;Genérica
Venda de 70 planos de saúde é suspensa nesta sexta. Veja lista;Genérica
Vendas de cloroquina e ivermectina crescem no primeiro semestre em São Paulo;Genérica
Vento destrói estufa de maconha em SC e interrompe tratamento médico;Genérica
Verão: veja 4 truques para alcançar seus objetivos fitness rapidamente;Genérica
Versão do TrateCov que foi ao ar era protótipo diz secretária à CPI;Genérica
Vice-diretora da OMS: Brasil poderá receber diversos tipos de vacinas pelo Covax;Genérica
Vice-governador diz que SP precisa da verba federal para enfrentar a pandemia;Genérica
Vice-governador do Distrito Federal é internado com Covid-19;Genérica
Vidente diz que Silvio Santos não voltará à TV e prevê disputa por herança;Genérica
Vídeo flagra gato tentando fugir de apartamento em chamas no Guará;Genérica
Vídeo mostra últimos momentos de técnico em enfermagem com vida;Genérica
Vídeo: Alckmin vacina Lula contra a Covid em lançamento de campanha;Genérica
Vídeo: Ana Maria Braga atualiza estado de saúde após cirurgia vascular;Genérica
Vídeo: assistente diz que médico cobra R$ 400 para assinar apólice;Genérica
Vídeo: bandidos atiram em médica durante tentativa de assalto em SP;Genérica
Vídeo: bebê dá a mãozinha para médica durante parto em Goiás;Genérica
Vídeo: bebê é atropelada pelo carro do pai e sai sem ferimentos graves;Genérica
Vídeo: bebê nasce empelicado em GO e médico faz cócegas para acordá-lo;Genérica
Vídeo: bebê nasce empelicado em parto no Mato Grosso do Sul;Genérica
Vídeo: capivara é capturada dentro de estacionamento de supermercado;Genérica
Vídeo: carro desgovernado quebra muro de unidade de saúde no Entorno;Genérica
Vídeo: comentarista passa mal e desmaia em campo nos Estados Unidos;Genérica
Vídeo: criança montada em cavalo colide com carro no interior de AL;Genérica
Vídeo: deputada bolsonarista quer médicos escrevendo “22” em receitas;Genérica
Vídeo: esposa esquece de cumprimentar Haddad em evento e ele reage;Genérica
Vídeo: filhote de jiboia entra em ar-condicionado e morde mulher;Genérica
Vídeo: funcionários mostram como gravaram médico sem que ele notasse;Genérica
Vídeo: homem ateia fogo em ônibus e fere mulher e criança no RJ;Genérica
Vídeo: homem desloca o braço ao levar “surra de bunda” durante show;Genérica
Vídeo: homem é empurrado para os trilhos do metrô de Nova York;Genérica
Vídeo: homem prende esposa e filha em quarto e ateia fogo na casa;Genérica
Vídeo: idoso desaparecido há quase 3 dias em mata é encontrado;Genérica
Vídeo: inspetora é acusada de racismo após chamar aluno de “macaco”;Genérica
Vídeo: irmãos se reencontram em hospital após 15 anos sem se ver;Genérica
Vídeo: jiboia é encontrada em estacionamento de hospital público do DF;Genérica
"Vídeo: jovem curado da COVID-19 faz homenagem à equipe médica; assista";Genérica
Vídeo: jovem invade igreja e quebra imagem de Jesus;Genérica
Vídeo: marido de paciente dá soco em médico suspeito de crimes sexuais;Genérica
Vídeo: médica ucraniana é presa por russos após gravar atendimentos;Genérica
Vídeo: médico e paciente trocam cadeiradas em unidade de saúde;Genérica
Vídeo: médico embriagado acusa motorista de furar sinal em MS;Genérica
Vídeo: médico tenta beijar funcionária à força em posto de saúde no PR;Genérica
Vídeo: motorista e paciente são flagrados fazendo sexo em van de saúde;Genérica
Vídeo: paciente e médico trocam socos em clínica particular na Bahia;Genérica
Vídeo: paciente sem atendimento chuta porta de hospital no DF;Genérica
Vídeo: parto de gêmeas univitelinas surpreende médicos com bebê empelicado;Genérica
Vídeo: pit-bull invade escola e ataca aluno no Complexo da Maré (RJ);Genérica
Vídeo: profissionais da saúde PMs e bombeiros se envolvem em confusão em UPA;Genérica
Vídeo: Sidney Magal passa mal durante show no interior de São Paulo;Genérica
Vídeo: teto em queda ameaça pacientes e profissionais da UTI do HRT;Genérica
Vídeo: veja momento em que caminhão arrasta homem em João Pessoa (PB);Genérica
Vídeo. Após cirurgia siamesas seguram as mãos pela 1ª vez e emocionam;Genérica
Vídeo. Homem é flagrado abandonando bebê no meio da rua em Goiânia;Genérica
Vídeo. Motorista fica gravemente ferido após atropelar cavalo e bater em casa no DF;Genérica
Vídeo. Pelé comemora 82 anos e agradece por saúde: “Presente de Deus”;Genérica
Vídeos mostram momento em que médico anestesista estupra grávida no RJ;Genérica
Vídeos: comediante Dave Chappelle é atacado por homem durante show;Genérica
Vigilância da pandemia é o mais importante no momento atual diz infectologista;Genérica
Viih Tube finge término com Bruno Magri e chama atenção para livro;Genérica
Vinte capitais aplicam a terceira dose da vacina contra Covid-19;Genérica
Virginia Fonseca explica motivo para adiar terceira gravidez;Genérica
Virou normal não falar a verdade diz Otto Alencar sobre depoimentos na CPI;Genérica
Vírus da varíola é antigo mas tem comportamento diferente diz diretora da OMS;Genérica
Visão Responde: médico tira dúvidas sobre vacinas e tratamentos da Covid-19;Genérica
Visão Responde: psiquiatra orienta como manter a saúde mental na pandemia;Genérica
Visitas de alegria: cães participam de terapia assistida em hospitais;Genérica
Visitas de ministros de Lula ao Paraná provocam mal-estar com PT local;Genérica
Vítima de cárcere sobre falsa médica: “Espero que pague pelo que fez”;Genérica
Vítima de Daniel Alves diz sentir “raiva e nojo” ao lembrar do caso;Genérica
Vítima de estupro diz ter acordado com “líquido gosmento na boca”;Genérica
Vítima de médico investigado por mutilações: “Dor imensurável”;Genérica
Vítima de médico pode desenvolver pânico de hospital diz especialista;Genérica
Vítima descobre golpe e polícia prende falsa médica em consulta na cidade de SP;Genérica
Vítima dos ataques a escolas de Aracruz (ES) é intubada;Genérica
Vítimas sobre prisão de ginecologista abusador: “Justiça sendo feita”;Genérica
Viúvo de ex-apresentadora morta em acidente lamenta: “Dor imensurável”;Genérica
Viveo faz pedido de oferta pública de ações que pode captar R$ 14 bi;Genérica
Volta às aulas é importante para saúde mental das crianças diz pediatra;Genérica
Volta às aulas na cidade de São Paulo acontecerá no dia 4 de fevereiro;Genérica
Waack: ‘Até aqui o ministro da Saúde de fato foi Jair Bolsonaro’;Genérica
Waack: agora temos um problema entre Senado e Forças Armadas;Genérica
Waack: Brasil não tem plano e direção política para enfrentar o novo coronavírus;Genérica
Waack: Decisão do Ministério da Saúde não parece ser científica;Genérica
Waack: diante de um problema difícil governo em Brasília acaba criando confusão;Genérica
Waack: Para políticos profissionais como Bolsonaro nada é tão feio quanto perder;Genérica
Waack: Planalto ainda não demonstrou como pretende reagir à ampliação da crise;Genérica
Waack: Primeiras palavras do ministro da Saúde da vez caíram no descrédito;Genérica
Web se preocupa com saúde de Samantha Schmütz após pedido de desculpas;Genérica
Weintraub sobre médico que estuprou grávida: “Sou a favor de matar”;Genérica
Witzel começa depoimento em julgamento de impeachment chorando: ‘É muito cruel’;Genérica
Witzel é investigado no STJ por envolvimento na compra irregular de respiradores;Genérica
Witzel prorroga quarentena no Rio de Janeiro até 11 de maio;Genérica
Xô calor! Saiba como se refrescar no verão sem prejudicar a saúde;Genérica
Yanomami: Ministério da Saúde nomeia coordenador de Distrito Sanitário;Genérica
YouTube remove vídeos que indicam o uso de cloroquina e ivermectina contra Covid;Genérica
Zambelli está internada após diagnóstico de diverticulite diz equipe;Genérica
Zé Celso teve 53% do corpo queimado e estado é grave diz médica;Genérica
Zé Celso: médicos informam piora no quadro de dramaturgo dizem amigos;Genérica
Zé Gotinha abre desfile das campeãs no Rio e marca início de campanha nacional de vacinação;Genérica
Anápolis (GO) debate com atividades saúde mental na rede municipal;Genérica
Anápolis (GO) terá Centro de Diagnósticos com exames laboratoriais e de imagem;Genérica
Anápolis amplia vacinação da Pfizer Baby para crianças com até 5 anos;Genérica
Aparecida (GO) oferta serviços de pré-natal gratuitos para gestantes;Genérica
CFM autoriza médicos a fazerem propagandas em redes sociais;Genérica
Zoo do DF oferece entrada gratuita para quem se vacinar no feriado;Genérica
“Kit ressaca”: médica alerta para risco de misturar medicamentos;Saúde
“Pílula do dia seguinte não é abortiva” diz FDA em revisão de rótulo;Saúde
10 frutas com baixas calorias para emagrecer com saúde;Saúde
4 mitos e verdades sobre saúde bucal infantil;Saúde
5 atitudes para ter uma alimentação mais saudável em 2023;Saúde
5 formas de evitar dores no pescoço pelo uso excessivo de celular;Saúde
5 hábitos simples para manter a imunidade em alta no inverno;Saúde
5 maneiras de fazer o seu filho usar máscaras contra Covid-19;Saúde
5 maneiras inusitadas de proteger a saúde reprodutiva;Saúde
7 problemas de saúde que podem dificultar perder peso;Saúde
8 alimentos que aumentam a imunidade turbinam a memória e emagrecem;Saúde
8 medidas simples para manter a saúde mental durante o isolamento;Saúde
Abstinência sexual pode afetar a mente e o corpo dizem especialistas;Saúde
Açúcares adicionados a alimentos estão ligados a doenças cardiovasculares diz estudo;Saúde
Agência europeia não encontra relação entre vacinas da Pfizer e AVC;Saúde
Água de arroz realmente faz o cabelo crescer? Médico esclarece;Saúde
Alecrim: entenda quais são os benefícios à saúde da erva aromática;Saúde
Além da Covid: conheça 7 doenças que você pode evitar lavando as mãos;Saúde
Além da estética: conheça benefícios do botox para a saúde;Saúde
Além de tratar rugas e marcas de expressão para que serve o botox?;Saúde
Alerta! Conheça 6 vírus e bactérias que podem levar ao câncer;Saúde
Alimentação reduz sintomas? Veja mitos e verdades sobre a endometriose;Saúde
Alimentos saudáveis: 6 dicas para incluí-los na dieta e perder peso;Saúde
Alongamento de unha pode fazer mal! Saiba como se prevenir dos perigos;Saúde
Alta concentração de THC tem elevado dependência de maconha diz estudo;Saúde
Amamentação: veja as diferenças entre leite materno e fórmula infantil;Saúde
Amora previne doenças e reduz sintomas da menopausa diz nutricionista;Saúde
Anafilaxia: entenda as causas e riscos da reação alérgica grave;Saúde
Ânimo! Confira 7 tipos de nutrientes capazes de melhorar o humor;Saúde
Ansiedade infantil: professora do DF dá aulas de yoga para crianças;Saúde
Ansioso? Conheça 2 técnicas de respiração que ajudam a acalmar a mente;Saúde
Anti-inflamatórios X analgésicos: entenda as indicações contra sintomas da Covid;Saúde
Antibióticos em bebês podem levar a problemas intestinais diz estudo;Saúde
Aperto de mão fraco pode indicar maior risco para doenças aponta estudo;Saúde
Aperto de mão fraco pode ser sinal precoce de depressão diz estudo;Saúde
Aprenda a reconhecer 7 sinais que podem indicar problemas na tireoide;Saúde
Aromaterapia: veja como os óleos essenciais podem melhorar a sua saúde;Saúde
Arranhão em panela libera milhões de partículas tóxicas diz estudo;Saúde
Arroz integral emagrece? Confira 5 motivos para incluí-lo na dieta;Saúde
Articulações estalando: ortopedista explica as razões e como resolver;Saúde
Aspirina em baixa dose pode aumentar risco de anemia em idosos diz estudo;Saúde
AstraZeneca e trombose: governo se posiciona sobre vacina contra Covid;Saúde
Astrologia da saúde: partes do corpo que cada signo deve cuidar bem;Saúde
Atos de bondade podem trazer diversos benefícios à saúde. Entenda;Saúde
Aumento de casos e internações por gripe se deve à baixa vacinação diz infectologista;Saúde
AVC sem sequelas: entenda técnica cirúrgica que salvou vida de médico;Saúde
Bariátrica: saiba quais são os tipos de cirurgia e suas indicações;Saúde
Bebê nasce saudável 11 semanas após mãe sofrer morte cerebral. Entenda;Saúde
Beber café x ingerir cafeína como suplemento: o que dá mais resultado?;Saúde
Benefícios do gengibre: veja 7 dicas para a saúde e como consumir;Saúde
Benefícios do mel na alimentação: saiba como consumir e quando evitar;Saúde
Boas energias: veja as melhores plantas medicinais para ter em casa;Saúde
Bolo de chocolate faz mal à saúde? Médica comenta fala de Maíra Cardi;Saúde
Brasileiro come apenas 7 gramas de vegetais nativos ao dia diz estudo;Saúde
Bruxismo: conheça causas sintomas e tratamento do transtorno;Saúde
Butantan entrega um milhão de doses de Coronavac para vacinar crianças;Saúde
Cacau morango e café: dieta com flavonoides ajuda a adiar declínio cognitivo;Saúde
Câncer de intestino: veja 5 sintomas que podem indicar a doença;Saúde
Câncer: 4 sinais que o corpo dá em caso de tumor no cérebro;Saúde
Candida auris: secretaria de Saúde de PE investiga cadeia de transmissão do superfungo;Saúde
Cannabis medicinal pode combater esclerose múltipla? Médicos explicam;Saúde
Cansaço palidez e mais: confira quais são os sintomas da anemia;Saúde
Cardiologista aponta 5 sintomas físicos da ansiedade;Saúde
Cardiologista lista 5 alimentos mais prejudiciais para o coração;Saúde
Caroço na virilha: saiba o que pode ser e quando se preocupar;Saúde
Catarata pode levar à cegueira se não tratada;Saúde
Cerca de 12 milhão de pessoas não sabem que vivem com hepatites B e C;Saúde
Cesárea em que a própria mãe retira o bebê é perigosa alertam médicos;Saúde
Chocolate amargo: confira 6 motivos para incluí-lo na sua alimentação;Saúde
Chocolate reduz a pressão arterial e protege o coração diz estudo;Saúde
Cidade de SP volta a registrar caso de raiva em um cachorro;Saúde
Cientistas explicam por que ter cachorros faz bem para a saúde;Saúde
Cientistas indicam alimento para ficar magro mesmo com dieta calórica;Saúde
Cientistas indicam fruta para melhorar saúde de mulheres na menopausa;Saúde
Cientistas indicam relação de hábitos intestinais e doenças no coração;Saúde
Cinco recompensas saudáveis que ajudam a manter a prática de exercícios;Saúde
Cinco sinais que podem indicar deficiência de vitamina E;Saúde
Cirurgião esclarece mitos e verdades sobre a doação de órgãos;Saúde
CNJ cria regras para política antimanicomial nos cumprimentos de pena;Saúde
CNN Sinais Vitais aborda cuidados em saúde mental e a prevenção ao suicídio;Saúde
CNN Sinais Vitais aborda os cuidados para evitar queimaduras;Saúde
CNN Sinais Vitais aborda os riscos das superbactérias para a saúde global;Saúde
CNN Sinais Vitais aborda perspectivas sobre menopausa e a saúde da mulher;Saúde
CNN Sinais Vitais desvenda os riscos do colesterol para a saúde;Saúde
CNN Sinais Vitais: especialistas debatem uso do hormônio para crescimento infantil;Saúde
Cobertura de saúde bucal em Brasília está abaixo da média nacional;Saúde
Cochilar regularmente está associado à pressão alta e derrame segundo estudo;Saúde
Colesterol: imprescindível para a vida ou causa de morte?;Saúde
Cólica ou endometriose? Médico detalha importância do diagnóstico;Saúde
Comer 3 porções de frutas por dia melhora saúde mental sugere estudo;Saúde
Comer grãos integrais ajuda a controlar o peso e a pressão sanguínea diz estudo;Saúde
Comer uma maçã por dia pode melhorar a saúde do coração. Entenda;Saúde
Comida ultraprocessada aumenta risco de câncer de intestino;Saúde
Como a percepção da vulnerabilidade pode fortalecer o indivíduo emocionalmente;Saúde
Como emagrecer com saúde e eliminar de vez o inchaço do Carnaval;Saúde
Como emagrecer com saúde: confira 7 dicas práticas e que funcionam;Saúde
Como funciona o antiviral tecovirimat contra varíola dos macacos que deve chegar ao Brasil;Saúde
Como identificar sintomas de esgotamento mental;Saúde
Como o canabidiol pode ajudar no emagrecimento segundo a ciência;Saúde
Como o sistema de saúde brasileiro negligencia a obesidade;Saúde
Como reiniciar sua rotina de exercícios: pedale para melhorar sua saúde;Saúde
Confira 10 mitos e verdades sobre o envelhecimento do cérebro;Saúde
Confira 4 alimentos que são aliados da saúde do fígado;Saúde
Confira 4 sinais nas mãos que podem indicar se você tem diabetes;Saúde
Confira 5 dicas para uma alimentação saudável rápida e prática;Saúde
Confira 7 dicas simples para entender os rótulos de alimentos;Saúde
Confira cinco alimentos detox que ajudam a limpar o organismo;Saúde
Confira dez dicas para o uso seguro de medicamentos;Saúde
Confira dicas para quem deseja emagrecer (e ter saúde) após os 50 anos;Saúde
Confira hábitos cotidianos que ajudam a baixar a pressão arterial;Saúde
Confira oito motivos para manter o feijão na sua alimentação;Saúde
Confira quais são os sinais dos principais transtornos alimentares;Saúde
Confira seis dicas de como evitar o envelhecimento precoce;Saúde
Confira sintomas que devem despertar a atenção para pedras na vesícula;Saúde
Conheça 7 sucos que são indicados para pessoas com diabetes;Saúde
Conheça a ‘síndrome de Hulk’ que causa explosão emocional e raiva descontrolada;Saúde
Conheça as frutas que ficam mais baratas em outubro e seus benefícios;Saúde
Conheça as principais concepções equivocadas sobre a ingestão de colesterol;Saúde
Conheça os 7 tipos de descanso que seu corpo e sua mente precisam  ;Saúde
Conheça os benefícios de esportes olímpicos para a saúde;Saúde
Conheça os mitos e verdades sobre a menopausa;Saúde
Conheça os sintomas da esclerose múltipla que afeta a atriz Guta Stresser;Saúde
Conheça sinais que podem indicar a presença de um câncer;Saúde
Conheça transmissão sintomas e letalidade da raiva humana;Saúde
Conheça um produto barato que ajuda a emagrecer e a perder gordura;Saúde
Conheça um vegetal popular que diminui o colesterol e purifica o corpo;Saúde
Cidade paraibana reforça vigilância após caso de malária;Saúde
Consumir mais fibras melhora bem-estar físico e mental. Entenda;Saúde
Consumo de álcool na menopausa pode aumentar o risco de doenças graves;Saúde
Consumo de bebidas açucaradas aumenta em até 40% o risco de câncer diz médico;Saúde
CLDF aprova projeto que obriga que profissional de saúde mulher acompanhe sedações;Saúde
Contra abusos Alesp aprova lei que permite acompanhante em consultas médicas;Saúde
"Coronavírus: Médico recomenda não cumprimentar com o cotovelo; veja outras dicas";Saúde
Correr no frio exige cuidados específicos. Saiba quais;Saúde
Correspondente Médico fala sobre ansiedade inteligência emocional e depressão;Saúde
Correspondente Médico: A parte do cérebro responsável pelo fanatismo;Saúde
Correspondente Médico: Ansiedade pode aumentar com novas variantes da Covid;Saúde
Correspondente Médico: Anvisa aprova uso de dois produtos à base de cannabis;Saúde
Correspondente Médico: Aspirina tem efeito contra a Covid-19?;Saúde
Correspondente Médico: Brasil tem 180 mil novos casos de trombose por ano;Saúde
Correspondente Médico: Como a fé e a devoção influenciam nossa mente;Saúde
Correspondente Médico: Como o cérebro reage para tomar decisões rápidas?;Saúde
Correspondente Médico: Como o cérebro se adapta aos novos hábitos?;Saúde
Correspondente Médico: Como o corpo age em situações de violência?;Saúde
Correspondente Médico: Como se adaptar emocionalmente à crise financeira?;Saúde
Correspondente Médico: Como ser multitarefa afeta a saúde mental?;Saúde
Correspondente Médico: Covid-19 causa grave lesão renal em até 40% dos pacientes;Saúde
Correspondente Médico: Covid-19 é mais agressiva em pacientes transplantados?;Saúde
Correspondente Médico: Decisão da ONU sobre cannabis pode ajudar em tratamentos?;Saúde
Correspondente Médico: Distância entre olhos e a tela deve ser de 50 centímetros;Saúde
Correspondente Médico: É falso que beber água ajuda no combate ao coronavírus;Saúde
Correspondente Médico: entenda os riscos do tratamento de um aneurisma;Saúde
Correspondente Médico: Estudo de combinação de vacinas busca uma eficácia maior;Saúde
Correspondente Médico: EUA avaliam medicamento contra o Alzheimer;Saúde
Correspondente Médico: Existe risco em medir a temperatura pela testa?;Saúde
"Correspondente Médico: Lapsos de memória e irritabilidade; entenda o ‘burnout’";Saúde
Correspondente Médico: O que é e quais são as causas da hepatite C?;Saúde
Correspondente Médico: O que é fator K e qual é a relação com a Covid-19?;Saúde
Correspondente Médico: O que é o transtorno de bipolaridade e qual o tratamento?;Saúde
Correspondente Médico: O que é síndrome de burnout e quais os sintomas? ;Saúde
Correspondente Médico: Perseguição na internet é crime e pode apontar obsessão;Saúde
Correspondente Médico: Poeira pode provocar resposta inflamatória aguda;Saúde
Correspondente Médico: Por que uma mãe vacinada pode passar anticorpos ao bebê;Saúde
Correspondente Médico: Quais as consequências físicas da ansiedade?;Saúde
Correspondente Médico: Quais os efeitos da fome na saúde e no comportamento?;Saúde
Correspondente Médico: Quais os efeitos da música no cérebro? ;Saúde
Correspondente Médico: Quais os traumas causados por abusos sexuais?;Saúde
Correspondente Médico: Qual a importância da luz solar para a saúde mental?;Saúde
Correspondente Médico: Qual a relação entre a falta de vitamina D e a Covid-19?;Saúde
Correspondente Médico: Qual a relação entre trombose venosa cerebral e Covid-19?;Saúde
Correspondente Médico: Qual o impacto dos exercícios físicos na saúde mental?;Saúde
Correspondente Médico: Qual o papel da mente no desempenho dos atletas?;Saúde
Correspondente Médico: Saiba como identificar sintomas da trombose;Saúde
Correspondente Médico: Usar máscara pode gerar imunidade contra a Covid-19?;Saúde
Correspondente Médico: vacinas não serão impactadas por mutação do coronavírus;Saúde
Correspondente Médico: Versamune e Covaxin buscam voluntários para testes;Saúde
Correspondente Médico: Videogame pode ajudar no bem-estar das pessoas?;Saúde
Corrida traz benefícios para o corpo e a mente. Saiba quais;Saúde
Covid assintomática? Estudo diz que você pode ser mutante. Entenda;Saúde
Covid-19 pode afetar quem fez cirurgia bariátrica?;Saúde
Covid hepatite aguda e varíola: especialistas avaliam se vivemos período com mais doenças;Saúde
Covid: Anvisa autoriza ampliação de validade das vacinas da Pfizer;Saúde
Covid: saiba importância de manter vacinação em dia;Saúde
Crescimento de casos de malária acende alerta em São Paulo;Saúde
Crianças de até 12 anos não devem beber café aponta associação médica;Saúde
Cuidados básicos ajudam a prevenir dengue Zika e chikungunya;Saúde
Cutucar o nariz pode aumentar as chances de ter Covid diz pesquisa;Saúde
Dá para reverter? Médico revela 15 curiosidades sobre o cabelo branco;Saúde
DASH: Médico ensina como fazer a dieta que evita hipertensão;Saúde
De salame a refrigerante: veja como ultraprocessados detonam sua saúde;Saúde
Depressão pós-aposentadoria: como preservar saúde mental na nova fase;Saúde
Depressão: como sua saúde mental pode estar relacionada às suas fezes;Saúde
Dermatite atópica: 72% dos pacientes têm saúde emocional comprometida;Saúde
Dermatologistas recomendam 21 superalimentos para a saúde da pele;Saúde
Descubra 4 passos para diminuir a chance de desenvolver Parkinson;Saúde
Descubra como a sua saúde mental impacta no processo de emagrecimento;Saúde
Descubra os piores sabores de pizza para a saúde e o emagrecimento;Saúde
Descubra um chá que controla a glicemia e é aliado do emagrecimento;Saúde
Descubra uma iguaria junina que controla a pressão e ajuda a emagrecer;Saúde
Desvalorizar o lazer faz mal à saúde mental afirmam pesquisadores;Saúde
